Echdc3,Eci1,0,0,0
Echdc3,Elovl7,XY,6,0.0009635836265715625
Echdc3,Erlin1,0,0,0
Echdc3,Fabp4,0,0,0
Echdc3,Fads3,XY,1,0.02097925675203527
Eci1,Elovl7,0,0,0
Eci1,Erlin1,0,0,0
Eci1,Fabp4,0,0,0
Eci1,Fads3,XY,2,0.03830678283998168
Elovl7,Erlin1,0,0,0
Elovl7,Fabp4,0,0,0
Elovl7,Fads3,XY,2,0.03143463172412453
Erlin1,Fabp4,0,0,0
Erlin1,Fads3,XY,4,0.00911526569217358
Fabp4,Fads3,XY,6,0.023727441813207406
