Afg3l2,Bak1,0,0,0
Afg3l2,Bax,0,0,0
Afg3l2,Bcl2a1a,0,0,0
Afg3l2,Bcl2a1b,0,0,0
Afg3l2,Bnip3,0,0,0
Bak1,Bax,YX,1,0.00010672558443758362
Bak1,Bcl2a1a,YX,2,0.03388427089150525
Bak1,Bcl2a1b,XY,8,4.527464625425637e-09
Bak1,Bnip3,0,0,0
Bax,Bcl2a1a,0,0,0
Bax,Bcl2a1b,XY,8,0.00013195987230574246
Bax,Bnip3,0,0,0
Bcl2a1a,Bcl2a1b,YX,6,7.167272997321561e-09
Bcl2a1a,Bnip3,0,0,0
Bcl2a1b,Bnip3,0,0,0
