Pmp22,Prkaa1,0,0,0
Pmp22,Prkaa2,YX,1,0.008692920207977295
Pmp22,Prkar2b,XY,1,0.0019389986991882324
Pmp22,Ptges3,0,0,0
Pmp22,Scd1,0,0,0
