Afg3l2,Bak1,0,0,0
Afg3l2,Bax,0,0,0
Afg3l2,Bcl2a1a,XY,5,9.071826934814453e-05
Afg3l2,Bcl2a1b,XY,7,0.00789022445678711
Afg3l2,Bnip3,XY,6,0.00021409988403320312
